연도,위치,방문자수,longitude,latitude
2021,강원강릉시,294260247.0,128.878497222222,37.7491361111111
2022,강원강릉시,347253527.0,128.878497222222,37.7491361111111
2023,강원강릉시,344173913.0,128.878497222222,37.7491361111111
2021,강원고성군,263315307.0,128.470163888888,38.3779611111111
2022,강원고성군,309864966.0,128.470163888888,38.3779611111111
2023,강원고성군,308376926.0,128.470163888888,38.3779611111111
2021,강원동해시,256956026.0,129.116633333333,37.5219305555555
2022,강원동해시,303951737.0,129.116633333333,37.5219305555555
2023,강원동해시,303136275.0,129.116633333333,37.5219305555555
2021,강원삼척시,259645157.0,129.167488888888,37.4470861111111
2022,강원삼척시,305518050.0,129.167488888888,37.4470861111111
2023,강원삼척시,305048567.0,129.167488888888,37.4470861111111
2021,강원속초시,277348917.0,128.594166666666,38.204275
2022,강원속초시,329707194.0,128.594166666666,38.204275
2023,강원속초시,328288022.0,128.594166666666,38.204275
2021,강원양구군,246145588.0,127.992244444444,38.1072916666666
2022,강원양구군,289838906.0,127.992244444444,38.1072916666666
2023,강원양구군,288989885.0,127.992244444444,38.1072916666666
2021,강원양양군,266496009.0,128.621355555555,38.0728333333333
2022,강원양양군,314206075.0,128.621355555555,38.0728333333333
2023,강원양양군,311642766.0,128.621355555555,38.0728333333333
2021,강원영월군,253925802.0,128.464019444444,37.1808611111111
2022,강원영월군,298182250.0,128.464019444444,37.1808611111111
2023,강원영월군,297441228.0,128.464019444444,37.1808611111111
2021,강원원주시,284793556.0,127.922055555555,37.3390833333333
2022,강원원주시,335515946.0,127.922055555555,37.3390833333333
2023,강원원주시,337169394.0,127.922055555555,37.3390833333333
2021,강원인제군,254656422.0,128.172697222222,38.0669722222222
2022,강원인제군,299278810.0,128.172697222222,38.0669722222222
2023,강원인제군,298493312.0,128.172697222222,38.0669722222222
2021,강원정선군,254351630.0,128.663086111111,37.3778083333333
2022,강원정선군,302307816.0,128.663086111111,37.3778083333333
2023,강원정선군,303018351.0,128.663086111111,37.3778083333333
2021,강원철원군,251261049.0,127.315733333333,38.1440555555555
2022,강원철원군,296982812.0,127.315733333333,38.1440555555555
2023,강원철원군,296138678.0,127.315733333333,38.1440555555555
2021,강원춘천시,285412678.0,127.732311111111,37.8785416666666
2022,강원춘천시,338135756.0,127.732311111111,37.8785416666666
2023,강원춘천시,336771224.0,127.732311111111,37.8785416666666
2021,강원태백시,248603189.0,128.987997222222,37.1612277777777
2022,강원태백시,293466882.0,128.987997222222,37.1612277777777
2023,강원태백시,292839789.0,128.987997222222,37.1612277777777
2021,강원평창군,268793391.0,128.392352777777,37.3679166666666
2022,강원평창군,315588776.0,128.392352777777,37.3679166666666
2023,강원평창군,316061792.0,128.392352777777,37.3679166666666
2021,강원홍천군,268985861.0,127.890841666666,37.6944222222222
2022,강원홍천군,317742913.0,127.890841666666,37.6944222222222
2023,강원홍천군,315617313.0,127.890841666666,37.6944222222222
2021,강원화천군,248080178.0,127.710355555555,38.1034083333333
2022,강원화천군,291841409.0,127.710355555555,38.1034083333333
2023,강원화천군,291519540.0,127.710355555555,38.1034083333333
2021,강원횡성군,259402864.0,127.987222222222,37.4889583333333
2022,강원횡성군,306257409.0,127.987222222222,37.4889583333333
2023,강원횡성군,303789102.0,127.987222222222,37.4889583333333
2021,경기가평군,853569134.0,127.511777777777,37.8288305555555
2022,경기가평군,948772495.0,127.511777777777,37.8288305555555
2023,경기가평군,996133111.0,127.511777777777,37.8288305555555
2021,경기고양시,2654000982.0,126.777055555555,37.6559083333333
2022,경기고양시,2935533499.0,126.777055555555,37.6559083333333
2023,경기고양시,3089212035.0,126.777055555555,37.6559083333333
2021,경기과천시,834834965.0,126.9898,37.4263722222222
2022,경기과천시,929453243.0,126.9898,37.4263722222222
2023,경기과천시,979703795.0,126.9898,37.4263722222222
2021,경기광명시,861728076.0,126.866708333333,37.47575
2022,경기광명시,957621124.0,126.866708333333,37.47575
2023,경기광명시,1008940659.0,126.866708333333,37.47575
2021,경기광주시,878352365.0,127.257786111111,37.4145055555555
2022,경기광주시,969171621.0,127.257786111111,37.4145055555555
2023,경기광주시,1017589960.0,127.257786111111,37.4145055555555
2021,경기구리시,866830890.0,127.131863888888,37.591625
2022,경기구리시,957025461.0,127.131863888888,37.591625
2023,경기구리시,1005225319.0,127.131863888888,37.591625
2021,경기군포시,844567099.0,126.9375,37.3586583333333
2022,경기군포시,936123317.0,126.9375,37.3586583333333
2023,경기군포시,986439428.0,126.9375,37.3586583333333
2021,경기김포시,884023956.0,126.717777777777,37.6124583333333
2022,경기김포시,975796766.0,126.717777777777,37.6124583333333
2023,경기김포시,1026684380.0,126.717777777777,37.6124583333333
2021,경기남양주시,909016841.0,127.218633333333,37.6331777777777
2022,경기남양주시,1002604153.0,127.218633333333,37.6331777777777
2023,경기남양주시,1055414907.0,127.218633333333,37.6331777777777
2021,경기동두천시,822509514.0,127.062652777777,37.9009166666666
2022,경기동두천시,912231006.0,127.062652777777,37.9009166666666
2023,경기동두천시,962028962.0,127.062652777777,37.9009166666666
2021,경기부천시,904741529.0,126.766,37.5035917
2022,경기부천시,1003425215.0,126.766,37.5035917
2023,경기부천시,1056967383.0,126.766,37.5035917
2021,경기성남시,2628694528.0,127.147719444444,37.4474916666666
2022,경기성남시,2917317177.0,127.147719444444,37.4474916666666
2023,경기성남시,3071332893.0,127.147719444444,37.4474916666666
2021,경기수원시,3484703338.0,127.012222222222,37.3010111111111
2022,경기수원시,3874172272.0,127.012222222222,37.3010111111111
2023,경기수원시,4089159392.0,127.012222222222,37.3010111111111
2021,경기시흥시,888664920.0,126.805077777777,37.3773194444444
2022,경기시흥시,979979973.0,126.805077777777,37.3773194444444
2023,경기시흥시,1031069870.0,126.805077777777,37.3773194444444
2021,경기안산시,1728512479.0,126.846819444444,37.2985194444444
2022,경기안산시,1913837485.0,126.846819444444,37.2985194444444
2023,경기안산시,2016727899.0,126.846819444444,37.2985194444444
2021,경기안성시,859436450.0,127.281844444444,37.005175
2022,경기안성시,951440106.0,127.281844444444,37.005175
2023,경기안성시,1001755010.0,127.281844444444,37.005175
2021,경기안양시,1714694916.0,126.953355555555,37.3897
2022,경기안양시,1902347169.0,126.953355555555,37.3897
2023,경기안양시,2003830210.0,126.953355555555,37.3897
2021,경기양주시,855769933.0,127.047819444444,37.78245
2022,경기양주시,948980557.0,127.047819444444,37.78245
2023,경기양주시,1001666684.0,127.047819444444,37.78245
2021,경기양평군,857675016.0,127.489886111111,37.4889361111111
2022,경기양평군,948367597.0,127.489886111111,37.4889361111111
2023,경기양평군,995720184.0,127.489886111111,37.4889361111111
2021,경기여주시,848698464.0,127.639622222222,37.2953583333333
2022,경기여주시,939679487.0,127.639622222222,37.2953583333333
2023,경기여주시,988158590.0,127.639622222222,37.2953583333333
2021,경기연천군,823491738.0,127.077066666666,38.0933638888888
2022,경기연천군,912348334.0,127.077066666666,38.0933638888888
2023,경기연천군,962063773.0,127.077066666666,38.0933638888888
2021,경기오산시,843853034.0,127.079641666666,37.1469138888888
2022,경기오산시,938600466.0,127.079641666666,37.1469138888888
2023,경기오산시,987525676.0,127.079641666666,37.1469138888888
2021,경기용인시,2626207285.0,127.203844444444,37.2314777777777
2022,경기용인시,2910843793.0,127.203844444444,37.2314777777777
2023,경기용인시,3064130196.0,127.203844444444,37.2314777777777
2021,경기의왕시,847206160.0,126.970388888888,37.34195
2022,경기의왕시,939971181.0,126.970388888888,37.34195
2023,경기의왕시,989837942.0,126.970388888888,37.34195
2021,경기의정부시,867093012.0,127.035841666666,37.7352888888888
2022,경기의정부시,960632362.0,127.035841666666,37.7352888888888
2023,경기의정부시,1013053474.0,127.035841666666,37.7352888888888
2021,경기이천시,863031753.0,127.443219444444,37.2754361111111
2022,경기이천시,956218943.0,127.443219444444,37.2754361111111
2023,경기이천시,1003542944.0,127.443219444444,37.2754361111111
2021,경기파주시,890379526.0,126.781952777777,37.7570833333333
2022,경기파주시,985212418.0,126.781952777777,37.7570833333333
2023,경기파주시,1033718171.0,126.781952777777,37.7570833333333
2021,경기평택시,873322544.0,127.114655555555,36.9894388888888
2022,경기평택시,969673738.0,127.114655555555,36.9894388888888
2023,경기평택시,1022544764.0,127.114655555555,36.9894388888888
2021,경기포천시,857321568.0,127.202419444444,37.8921555555555
2022,경기포천시,949278809.0,127.202419444444,37.8921555555555
2023,경기포천시,997323396.0,127.202419444444,37.8921555555555
2021,경기하남시,886060973.0,127.217,37.5364972222222
2022,경기하남시,980623481.0,127.217,37.5364972222222
2023,경기하남시,1031172674.0,127.217,37.5364972222222
2021,경기화성시,946599797.0,126.833530555555,37.1968166666666
2022,경기화성시,1047460480.0,126.833530555555,37.1968166666666
2023,경기화성시,1101827888.0,126.833530555555,37.1968166666666
2021,경상거제시,269765210.0,128.623355555555,34.8773583333333
2022,경상거제시,296110468.0,128.623355555555,34.8773583333333
2023,경상거제시,305627558.0,128.623355555555,34.8773583333333
2021,경상거창군,244388366.0,127.911655555555,35.683625
2022,경상거창군,268022529.0,127.911655555555,35.683625
2023,경상거창군,276836624.0,127.911655555555,35.683625
2021,경상경산시,320768836.0,128.743463888888,35.8220888888888
2022,경상경산시,353590900.0,128.743463888888,35.8220888888888
2023,경상경산시,362320945.0,128.743463888888,35.8220888888888
2021,경상경주시,348279607.0,129.227022222222,35.8531694444444
2022,경상경주시,389821891.0,129.227022222222,35.8531694444444
2023,경상경주시,401055505.0,129.227022222222,35.8531694444444
2021,경상고령군,286275894.0,128.265022222222,35.7229861111111
2022,경상고령군,316311862.0,128.265022222222,35.7229861111111
2023,경상고령군,323711620.0,128.265022222222,35.7229861111111
2021,경상고성군,249246166.0,128.324541666666,34.9699
2022,경상고성군,272036935.0,128.324541666666,34.9699
2023,경상고성군,281901850.0,128.324541666666,34.9699
2021,경상구미시,312460922.0,128.346777777777,36.11655
2022,경상구미시,345724028.0,128.346777777777,36.11655
2023,경상구미시,355031306.0,128.346777777777,36.11655
2021,경상김천시,295918643.0,128.1158,36.1368972222222
2022,경상김천시,327880868.0,128.1158,36.1368972222222
2023,경상김천시,335937631.0,128.1158,36.1368972222222
2021,경상김해시,294711128.0,128.891666666666,35.2255055555555
2022,경상김해시,324670753.0,128.891666666666,35.2255055555555
2023,경상김해시,336895666.0,128.891666666666,35.2255055555555
2021,경상남해군,249219651.0,127.894466666666,34.8345583333333
2022,경상남해군,272863724.0,127.894466666666,34.8345583333333
2023,경상남해군,281806218.0,127.894466666666,34.8345583333333
2021,경상문경시,292273351.0,128.189019444444,36.5836305555555
2022,경상문경시,324044226.0,128.189019444444,36.5836305555555
2023,경상문경시,332271967.0,128.189019444444,36.5836305555555
2021,경상밀양시,258364209.0,128.748944444444,35.5007777777777
2022,경상밀양시,282482382.0,128.748944444444,35.5007777777777
2023,경상밀양시,291937773.0,128.748944444444,35.5007777777777
2021,경상봉화군,283612212.0,128.734875,36.8902611111111
2022,경상봉화군,313895775.0,128.734875,36.8902611111111
2023,경상봉화군,321330051.0,128.734875,36.8902611111111
2021,경상사천시,257259114.0,128.066777777777,35.0002833333333
2022,경상사천시,282561007.0,128.066777777777,35.0002833333333
2023,경상사천시,292119909.0,128.066777777777,35.0002833333333
2021,경상산청군,245710665.0,127.875619444444,35.4124916666666
2022,경상산청군,269547607.0,127.875619444444,35.4124916666666
2023,경상산청군,279270553.0,127.875619444444,35.4124916666666
2021,경상상주시,295277289.0,128.161263888888,36.4079694444444
2022,경상상주시,326988940.0,128.161263888888,36.4079694444444
2023,경상상주시,335474809.0,128.161263888888,36.4079694444444
2021,경상성주군,288835171.0,128.285152777777,35.9162111111111
2022,경상성주군,318910477.0,128.285152777777,35.9162111111111
2023,경상성주군,326639435.0,128.285152777777,35.9162111111111
2021,경상안동시,302699177.0,128.731622222222,36.5654638888888
2022,경상안동시,333989992.0,128.731622222222,36.5654638888888
2023,경상안동시,342156564.0,128.731622222222,36.5654638888888
2021,경상양산시,284238707.0,129.039411111111,35.3319277777777
2022,경상양산시,310095495.0,129.039411111111,35.3319277777777
2023,경상양산시,320924741.0,129.039411111111,35.3319277777777
2021,경상영덕군,292936021.0,129.368355555555,36.4121027777777
2022,경상영덕군,323783078.0,129.368355555555,36.4121027777777
2023,경상영덕군,331702811.0,129.368355555555,36.4121027777777
2021,경상영양군,279363716.0,129.114622222222,36.6642749999999
2022,경상영양군,309160561.0,129.114622222222,36.6642749999999
2023,경상영양군,316551010.0,129.114622222222,36.6642749999999
2021,경상영주시,289714657.0,128.626344444444,36.8029361111111
2022,경상영주시,320990491.0,128.626344444444,36.8029361111111
2023,경상영주시,328487394.0,128.626344444444,36.8029361111111
2021,경상영천시,296393972.0,128.940775,35.9700527777777
2022,경상영천시,327675929.0,128.940775,35.9700527777777
2023,경상영천시,336261401.0,128.940775,35.9700527777777
2021,경상예천군,287042095.0,128.455022222222,36.65495
2022,경상예천군,317386273.0,128.455022222222,36.65495
2023,경상예천군,324910045.0,128.455022222222,36.65495
2021,경상울릉군,278795795.0,130.903788888888,37.480575
2022,경상울릉군,309521314.0,130.903788888888,37.480575
2023,경상울릉군,316602289.0,130.903788888888,37.480575
2021,경상울진군,288911413.0,129.402786111111,36.9901861111111
2022,경상울진군,320694809.0,129.402786111111,36.9901861111111
2023,경상울진군,328801888.0,129.402786111111,36.9901861111111
2021,경상의령군,240741576.0,128.263822222222,35.3191194444444
2022,경상의령군,263187276.0,128.263822222222,35.3191194444444
2023,경상의령군,272972539.0,128.263822222222,35.3191194444444
2021,경상의성군,288152880.0,128.699363888888,36.3497583333333
2022,경상의성군,318253083.0,128.699363888888,36.3497583333333
2023,경상의성군,325659948.0,128.699363888888,36.3497583333333
2021,경상진주시,266557639.0,128.109999999999,35.1770333333333
2022,경상진주시,293669328.0,128.109999999999,35.1770333333333
2023,경상진주시,304032982.0,128.109999999999,35.1770333333333
2021,경상창녕군,249678152.0,128.494533333333,35.5415361111111
2022,경상창녕군,272768102.0,128.494533333333,35.5415361111111
2023,경상창녕군,282587152.0,128.494533333333,35.5415361111111
2021,경상창원시,1352933380.0,128.6401544,35.2540033
2022,경상창원시,1478388957.0,128.6401544,35.2540033
2023,경상창원시,1530865278.0,128.6401544,35.2540033
2021,경상청도군,294578987.0,128.7362,35.6443111111111
2022,경상청도군,325578167.0,128.7362,35.6443111111111
2023,경상청도군,333241764.0,128.7362,35.6443111111111
2021,경상청송군,284529497.0,129.0594,36.4332916666666
2022,경상청송군,314749343.0,129.0594,36.4332916666666
2023,경상청송군,322212292.0,129.0594,36.4332916666666
2021,경상칠곡군,304767603.0,128.403797222222,35.9925472222222
2022,경상칠곡군,338291330.0,128.403797222222,35.9925472222222
2023,경상칠곡군,347065073.0,128.403797222222,35.9925472222222
2021,경상통영시,260391148.0,128.435277777777,34.8512583333333
2022,경상통영시,284782635.0,128.435277777777,34.8512583333333
2023,경상통영시,294262090.0,128.435277777777,34.8512583333333
2021,경상포항시,638154211.0,129.361666666666,36.0056861111111
2022,경상포항시,707097386.0,129.361666666666,36.0056861111111
2023,경상포항시,725669116.0,129.361666666666,36.0056861111111
2021,경상하동군,246071812.0,127.753430555555,35.0642027777777
2022,경상하동군,269689730.0,127.753430555555,35.0642027777777
2023,경상하동군,279305385.0,127.753430555555,35.0642027777777
2021,경상함안군,249554448.0,128.408708333333,35.2694055555555
2022,경상함안군,273038774.0,128.408708333333,35.2694055555555
2023,경상함안군,282789886.0,128.408708333333,35.2694055555555
2021,경상함양군,242597007.0,127.727419444444,35.5174694444444
2022,경상함양군,265528062.0,127.727419444444,35.5174694444444
2023,경상함양군,275974873.0,127.727419444444,35.5174694444444
2021,경상합천군,246269064.0,128.167930555555,35.5636166666666
2022,경상합천군,269111664.0,128.167930555555,35.5636166666666
2023,경상합천군,278288385.0,128.167930555555,35.5636166666666
2021,광주광산구,142787579.0,126.793668011574,35.1399583648888
2022,광주광산구,159703052.0,126.793668011574,35.1399583648888
2023,광주광산구,169305340.0,126.793668011574,35.1399583648888
2021,광주남구,113721810.0,126.902557242258,35.1330174880422
2022,광주남구,125628053.0,126.902557242258,35.1330174880422
2023,광주남구,132864691.0,126.902557242258,35.1330174880422
2021,광주동구,129376650.0,126.923090311574,35.1462777551683
2022,광주동구,144924986.0,126.923090311574,35.1462777551683
2023,광주동구,151336494.0,126.923090311574,35.1462777551683
2021,광주북구,144626266.0,126.901080587328,35.1812137957623
2022,광주북구,160935524.0,126.901080587328,35.1812137957623
2023,광주북구,169028412.0,126.901080587328,35.1812137957623
2021,광주서구,149260130.0,126.88950628089,35.1525164004977
2022,광주서구,166698757.0,126.88950628089,35.1525164004977
2023,광주서구,177704433.0,126.88950628089,35.1525164004977
2021,대구군위군,142012095.0,128.575077777777,36.2399972222222
2022,대구군위군,161112517.0,128.575077777777,36.2399972222222
2023,대구군위군,172007543.0,128.575077777777,36.2399972222222
2021,대구남구,168242798.0,128.597702040423,35.8462135079168
2022,대구남구,188855126.0,128.597702040423,35.8462135079168
2023,대구남구,200660519.0,128.597702040423,35.8462135079168
2021,대구달서구,205146317.0,128.535063888888,35.8269277777777
2021,대구달서구,205146317.0,128.532590453916,35.8299774381395
2022,대구달서구,231949747.0,128.535063888888,35.8269277777777
2022,대구달서구,231949747.0,128.532590453916,35.8299774381395
2023,대구달서구,245892917.0,128.535063888888,35.8269277777777
2023,대구달서구,245892917.0,128.532590453916,35.8299774381395
2021,대구달성군,175491918.0,128.431399499941,35.7747502893017
2022,대구달성군,196531218.0,128.431399499941,35.7747502893017
2023,대구달성군,207961440.0,128.431399499941,35.7747502893017
2021,대구동구,207824129.0,128.635558440423,35.8868272789712
2022,대구동구,237583296.0,128.635558440423,35.8868272789712
2023,대구동구,253973485.0,128.635558440423,35.8868272789712
2021,대구북구,195225670.0,128.582892353917,35.8858645969598
2022,대구북구,220615927.0,128.582892353917,35.8858645969598
2023,대구북구,235759686.0,128.582892353917,35.8858645969598
2021,대구서구,159160060.0,128.559160069259,35.8719405397309
2022,대구서구,180051210.0,128.559160069259,35.8719405397309
2023,대구서구,191665660.0,128.559160069259,35.8719405397309
2021,대구수성구,197338238.0,128.632866666666,35.8552083333333
2021,대구수성구,197338238.0,128.630701071107,35.858351478627
2022,대구수성구,224306712.0,128.632866666666,35.8552083333333
2022,대구수성구,224306712.0,128.630701071107,35.858351478627
2023,대구수성구,236965221.0,128.632866666666,35.8552083333333
2023,대구수성구,236965221.0,128.630701071107,35.858351478627
2021,대구중구,212778017.0,128.606174457614,35.8695272166858
2022,대구중구,242814572.0,128.606174457614,35.8695272166858
2023,대구중구,260794681.0,128.606174457614,35.8695272166858
2021,대전대덕구,135668897.0,127.417093340521,36.352183835655
2022,대전대덕구,149014196.0,127.417093340521,36.352183835655
2023,대전대덕구,161329548.0,127.417093340521,36.352183835655
2021,대전동구,146014048.0,127.454859584609,36.3120402777084
2022,대전동구,162381400.0,127.454859584609,36.3120402777084
2023,대전동구,177475108.0,127.454859584609,36.3120402777084
2021,대전서구,177825243.0,127.383415811453,36.3570729893642
2022,대전서구,199181290.0,127.383415811453,36.3570729893642
2023,대전서구,215092069.0,127.383415811453,36.3570729893642
2021,대전유성구,174212525.0,127.356136301599,36.3640558639158
2022,대전유성구,196497231.0,127.356136301599,36.3640558639158
2023,대전유성구,215741630.0,127.356136301599,36.3640558639158
2021,대전중구,155869528.0,127.421380984609,36.3258298947226
2022,대전중구,173491018.0,127.421380984609,36.3258298947226
2023,대전중구,188369662.0,127.421380984609,36.3258298947226
2021,부산강서구,238284813.0,128.982908333333,35.2091638888888
2022,부산강서구,277710614.0,128.982908333333,35.2091638888888
2023,부산강서구,303192584.0,128.982908333333,35.2091638888888
2021,부산금정구,229895672.0,129.094319444444,35.2400777777777
2022,부산금정구,266464687.0,129.094319444444,35.2400777777777
2023,부산금정구,288337717.0,129.094319444444,35.2400777777777
2021,부산기장군,252147316.0,129.222287283017,35.2447754075554
2022,부산기장군,291873976.0,129.222287283017,35.2447754075554
2023,부산기장군,313580021.0,129.222287283017,35.2447754075554
2021,부산남구,229274045.0,129.0865,35.1334083333333
2022,부산남구,265143933.0,129.0865,35.1334083333333
2023,부산남구,287978288.0,129.0865,35.1334083333333
2021,부산동구,223340017.0,129.059175,35.1358944444444
2022,부산동구,262826237.0,129.059175,35.1358944444444
2023,부산동구,287641841.0,129.059175,35.1358944444444
2021,부산동래구,237555849.0,129.085855555555,35.2018722222222
2022,부산동래구,275794803.0,129.085855555555,35.2018722222222
2023,부산동래구,299754602.0,129.085855555555,35.2018722222222
2021,부산부산진구,283024822.0,129.055319444444,35.1599527777777
2022,부산부산진구,330988018.0,129.055319444444,35.1599527777777
2023,부산부산진구,356952923.0,129.055319444444,35.1599527777777
2021,부산북구,222562777.0,128.992474999999,35.1941805555555
2022,부산북구,256455293.0,128.992474999999,35.1941805555555
2023,부산북구,277969882.0,128.992474999999,35.1941805555555
2021,부산사상구,226730163.0,128.993333333333,35.1494666666666
2022,부산사상구,262967381.0,128.993333333333,35.1494666666666
2023,부산사상구,284691046.0,128.993333333333,35.1494666666666
2021,부산사하구,222823479.0,128.977041666666,35.1014277777777
2022,부산사하구,257065477.0,128.977041666666,35.1014277777777
2023,부산사하구,278245410.0,128.977041666666,35.1014277777777
2021,부산서구,219307493.0,129.026377777777,35.0948361111111
2022,부산서구,252142461.0,129.026377777777,35.0948361111111
2023,부산서구,272908881.0,129.026377777777,35.0948361111111
2021,부산수영구,238386262.0,129.115375,35.1424666666666
2022,부산수영구,279878682.0,129.115375,35.1424666666666
2023,부산수영구,302542372.0,129.115375,35.1424666666666
2021,부산연제구,226908902.0,129.082075,35.1731861111111
2022,부산연제구,264537695.0,129.082075,35.1731861111111
2023,부산연제구,288474699.0,129.082075,35.1731861111111
2021,부산영도구,212208695.0,129.070186111111,35.0881166666666
2022,부산영도구,247661775.0,129.070186111111,35.0881166666666
2023,부산영도구,269117042.0,129.070186111111,35.0881166666666
2021,부산중구,233861157.0,129.034508333333,35.1032166666666
2022,부산중구,275443196.0,129.034508333333,35.1032166666666
2023,부산중구,299285989.0,129.034508333333,35.1032166666666
2021,부산해운대구,282180431.0,129.165808333333,35.1600194444444
2022,부산해운대구,329534854.0,129.165808333333,35.1600194444444
2023,부산해운대구,353120932.0,129.165808333333,35.1600194444444
2021,서울강남구,977778922.0,127.049555555555,37.514575
2022,서울강남구,1140841907.0,127.049555555555,37.514575
2023,서울강남구,1223365182.0,127.049555555555,37.514575
2021,서울강동구,767487957.0,127.125863888888,37.5273666666666
2022,서울강동구,896110237.0,127.125863888888,37.5273666666666
2023,서울강동구,967009919.0,127.125863888888,37.5273666666666
2021,서울강북구,742092347.0,127.027719444444,37.6369555555555
2022,서울강북구,872629635.0,127.027719444444,37.6369555555555
2023,서울강북구,943414654.0,127.027719444444,37.6369555555555
2021,서울강서구,804956406.0,126.851675,37.5481555555555
2022,서울강서구,944151635.0,126.851675,37.5481555555555
2023,서울강서구,1017960172.0,126.851675,37.5481555555555
2021,서울관악구,774171047.0,126.953844444444,37.4753861111111
2022,서울관악구,908680989.0,126.953844444444,37.4753861111111
2023,서울관악구,980140309.0,126.953844444444,37.4753861111111
2021,서울광진구,782513182.0,127.084533333333,37.5357388888888
2022,서울광진구,919544703.0,127.084533333333,37.5357388888888
2023,서울광진구,995251382.0,127.084533333333,37.5357388888888
2021,서울구로구,777963375.0,126.889597222222,37.49265
2022,서울구로구,911112734.0,126.889597222222,37.49265
2023,서울구로구,986432335.0,126.889597222222,37.49265
2021,서울금천구,741584673.0,126.904197222222,37.4491083333333
2022,서울금천구,870110126.0,126.904197222222,37.4491083333333
2023,서울금천구,939377041.0,126.904197222222,37.4491083333333
2021,서울노원구,773712112.0,127.058388888888,37.6514611111111
2022,서울노원구,905955999.0,127.058388888888,37.6514611111111
2023,서울노원구,978206279.0,127.058388888888,37.6514611111111
2021,서울도봉구,739081712.0,127.049522222222,37.6658333333333
2022,서울도봉구,865482569.0,127.049522222222,37.6658333333333
2023,서울도봉구,936999976.0,127.049522222222,37.6658333333333
2021,서울동대문구,766891331.0,127.042141666666,37.571625
2022,서울동대문구,899646240.0,127.042141666666,37.571625
2023,서울동대문구,974377373.0,127.042141666666,37.571625
2021,서울동작구,767905566.0,126.941575,37.5096555555555
2022,서울동작구,901222388.0,126.941575,37.5096555555555
2023,서울동작구,976504824.0,126.941575,37.5096555555555
2021,서울마포구,839534463.0,126.910530555555,37.5607055555555
2022,서울마포구,993887253.0,126.910530555555,37.5607055555555
2023,서울마포구,1077807990.0,126.910530555555,37.5607055555555
2021,서울서대문구,790142860.0,126.938897222222,37.5763666666666
2022,서울서대문구,930439078.0,126.938897222222,37.5763666666666
2023,서울서대문구,1006789995.0,126.938897222222,37.5763666666666
2021,서울서초구,891409432.0,127.034811111111,37.4807861111111
2022,서울서초구,1041396201.0,127.034811111111,37.4807861111111
2023,서울서초구,1123980689.0,127.034811111111,37.4807861111111
2021,서울성동구,775989502.0,127.039,37.5606111111111
2022,서울성동구,913133363.0,127.039,37.5606111111111
2023,서울성동구,988175718.0,127.039,37.5606111111111
2021,서울성북구,762755845.0,127.020333333333,37.5863833333333
2022,서울성북구,894499382.0,127.020333333333,37.5863833333333
2023,서울성북구,967482124.0,127.020333333333,37.5863833333333
2021,서울송파구,850401557.0,127.107930555555,37.5117555555555
2022,서울송파구,1007375716.0,127.107930555555,37.5117555555555
2023,서울송파구,1090126746.0,127.107930555555,37.5117555555555
2021,서울양천구,755751664.0,126.868708333333,37.5142305555555
2022,서울양천구,882431781.0,126.868708333333,37.5142305555555
2023,서울양천구,951969743.0,126.868708333333,37.5142305555555
2021,서울영등포구,840630235.0,126.898341666666,37.5236111111111
2022,서울영등포구,989364208.0,126.898341666666,37.5236111111111
2023,서울영등포구,1067470299.0,126.898341666666,37.5236111111111
2021,서울용산구,809654560.0,126.967522222222,37.5360944444444
2022,서울용산구,959197793.0,126.967522222222,37.5360944444444
2023,서울용산구,1038198909.0,126.967522222222,37.5360944444444
2021,서울은평구,749263769.0,126.931241666666,37.5999694444444
2022,서울은평구,877328076.0,126.931241666666,37.5999694444444
2023,서울은평구,949353421.0,126.931241666666,37.5999694444444
2021,서울종로구,853484836.0,126.981641666666,37.5703777777777
2022,서울종로구,1015153955.0,126.981641666666,37.5703777777777
2023,서울종로구,1100563693.0,126.981641666666,37.5703777777777
2021,서울중구,850544392.0,126.999641666666,37.5610027777777
2022,서울중구,1015495813.0,126.999641666666,37.5610027777777
2023,서울중구,1104349466.0,126.999641666666,37.5610027777777
2021,서울중랑구,747385126.0,127.094777777777,37.6038055555555
2022,서울중랑구,874797922.0,127.094777777777,37.6038055555555
2023,서울중랑구,946740680.0,127.094777777777,37.6038055555555
2021,세종특별자치시,87039955.0,127.289448,36.479522
2022,세종특별자치시,93856812.0,127.289448,36.479522
2023,세종특별자치시,96252944.0,127.289448,36.479522
2021,울산남구,124877279.0,129.330175357608,35.5440426532722
2022,울산남구,140813605.0,129.330175357608,35.5440426532722
2023,울산남구,148025353.0,129.330175357608,35.5440426532722
2021,울산동구,86588402.0,129.416691882745,35.5051699632486
2022,울산동구,96495686.0,129.416691882745,35.5051699632486
2023,울산동구,101631627.0,129.416691882745,35.5051699632486
2021,울산북구,99424408.0,129.361244971292,35.5827078312412
2022,울산북구,111445913.0,129.361244971292,35.5827078312412
2023,울산북구,117685974.0,129.361244971292,35.5827078312412
2021,울산울주군,115561642.0,129.242474811581,35.5223064790022
2022,울산울주군,128783682.0,129.242474811581,35.5223064790022
2023,울산울주군,134948196.0,129.242474811581,35.5223064790022
2021,울산중구,100778251.0,129.332816213431,35.5697122805921
2022,울산중구,111406516.0,129.332816213431,35.5697122805921
2023,울산중구,115957829.0,129.332816213431,35.5697122805921
2021,인천강화군,243874116.0,126.487841711623,37.7469290696865
2022,인천강화군,280525412.0,126.487841711623,37.7469290696865
2023,인천강화군,317724807.0,126.487841711623,37.7469290696865
2021,인천계양구,253996203.0,126.737743998125,37.5377072788857
2022,인천계양구,291342233.0,126.737743998125,37.5377072788857
2023,인천계양구,329001346.0,126.737743998125,37.5377072788857
2021,인천남동구,290349147.0,126.730966889481,37.4497106167382
2022,인천남동구,333043341.0,126.730966889481,37.4497106167382
2023,인천남동구,369975121.0,126.730966889481,37.4497106167382
2021,인천동구,227457006.0,126.643244069288,37.47401607439
2022,인천동구,263540471.0,126.643244069288,37.47401607439
2023,인천동구,300360130.0,126.643244069288,37.47401607439
2021,인천미추홀구,273015378.0,126.650297226959,37.4636916934167
2022,인천미추홀구,315376286.0,126.650297226959,37.4636916934167
2023,인천미추홀구,354405224.0,126.650297226959,37.4636916934167
2021,인천부평구,281914082.0,126.721906848531,37.5078420372559
2022,인천부평구,323927528.0,126.721906848531,37.5078420372559
2023,인천부평구,363522667.0,126.721906848531,37.5078420372559
2021,인천서구,282568345.0,126.675961611619,37.5454637180429
2022,인천서구,326757888.0,126.675961611619,37.5454637180429
2023,인천서구,369312144.0,126.675961611619,37.5454637180429
2021,인천연수구,276917603.0,126.678265782781,37.4103812512024
2022,인천연수구,321455345.0,126.678265782781,37.4103812512024
2023,인천연수구,364987762.0,126.678265782781,37.4103812512024
2021,인천옹진군,225462174.0,126.638888888888,37.4437249999999
2022,인천옹진군,261120126.0,126.638888888888,37.4437249999999
2023,인천옹진군,298051211.0,126.638888888888,37.4437249999999
2021,인천중구,284842224.0,126.621761699973,37.4738484305043
2022,인천중구,337341288.0,126.621761699973,37.4738484305043
2023,인천중구,410255285.0,126.621761699973,37.4738484305043
2021,전라강진군,202433076.0,126.769197222222,34.6389111111111
2022,전라강진군,227204112.0,126.769197222222,34.6389111111111
2023,전라강진군,233920245.0,126.769197222222,34.6389111111111
2021,전라고창군,152549390.0,126.704108333333,35.4327388888888
2022,전라고창군,172935745.0,126.704108333333,35.4327388888888
2023,전라고창군,177777968.0,126.704108333333,35.4327388888888
2021,전라고흥군,206082588.0,127.287055555555,34.6080694444444
2022,전라고흥군,230929262.0,127.287055555555,34.6080694444444
2023,전라고흥군,237176726.0,127.287055555555,34.6080694444444
2021,전라곡성군,202868839.0,127.294108333333,35.2789555555555
2022,전라곡성군,227611475.0,127.294108333333,35.2789555555555
2023,전라곡성군,234049455.0,127.294108333333,35.2789555555555
2021,전라광양시,213847805.0,127.698177777777,34.9375361111111
2022,전라광양시,240158063.0,127.698177777777,34.9375361111111
2023,전라광양시,247728592.0,127.698177777777,34.9375361111111
2021,전라구례군,203179277.0,127.464933333333,35.1994583333333
2022,전라구례군,228144138.0,127.464933333333,35.1994583333333
2023,전라구례군,235277156.0,127.464933333333,35.1994583333333
2021,전라군산시,172512749.0,126.738844444444,35.9646416666666
2022,전라군산시,195519787.0,126.738844444444,35.9646416666666
2023,전라군산시,201916086.0,126.738844444444,35.9646416666666
2021,전라김제시,155102425.0,126.882752777777,35.8005749999999
2022,전라김제시,174988783.0,126.882752777777,35.8005749999999
2023,전라김제시,180571282.0,126.882752777777,35.8005749999999
2021,전라나주시,218804246.0,126.712866666666,35.0128388888888
2022,전라나주시,244131463.0,126.712866666666,35.0128388888888
2023,전라나주시,250738717.0,126.712866666666,35.0128388888888
2021,전라남원시,152237483.0,127.3925,35.4132555555555
2022,전라남원시,173211475.0,127.3925,35.4132555555555
2023,전라남원시,179033381.0,127.3925,35.4132555555555
2021,전라담양군,217712552.0,126.990163888888,35.318125
2022,전라담양군,243188810.0,126.990163888888,35.318125
2023,전라담양군,250347692.0,126.990163888888,35.318125
2021,전라목포시,227994116.0,126.394419444444,34.8087888888888
2022,전라목포시,256545391.0,126.394419444444,34.8087888888888
2023,전라목포시,264950872.0,126.394419444444,34.8087888888888
2021,전라무안군,214958767.0,126.4837,34.9873694444444
2022,전라무안군,240680872.0,126.4837,34.9873694444444
2023,전라무안군,248199245.0,126.4837,34.9873694444444
2021,전라무주군,148035242.0,127.662866666666,36.0038277777777
2022,전라무주군,169601669.0,127.662866666666,36.0038277777777
2023,전라무주군,175546032.0,127.662866666666,36.0038277777777
2021,전라보성군,204944667.0,127.082088888888,34.7683333333333
2022,전라보성군,229885665.0,127.082088888888,34.7683333333333
2023,전라보성군,236619744.0,127.082088888888,34.7683333333333
2021,전라부안군,154051322.0,126.735677777777,35.7285333333333
2022,전라부안군,174733069.0,126.735677777777,35.7285333333333
2023,전라부안군,180282944.0,126.735677777777,35.7285333333333
2021,전라순창군,144590339.0,127.139630555555,35.3713888888888
2022,전라순창군,164649027.0,127.139630555555,35.3713888888888
2023,전라순창군,169713666.0,127.139630555555,35.3713888888888
2021,전라순천시,229642735.0,127.489330555555,34.9476055555555
2022,전라순천시,258612629.0,127.489330555555,34.9476055555555
2023,전라순천시,270373748.0,127.489330555555,34.9476055555555
2021,전라신안군,205201724.0,126.381730555555,34.7898111111111
2022,전라신안군,229794044.0,126.381730555555,34.7898111111111
2023,전라신안군,236973895.0,126.381730555555,34.7898111111111
2021,전라여수시,237223052.0,127.664386111111,34.7573111111111
2022,전라여수시,267706629.0,127.664386111111,34.7573111111111
2023,전라여수시,275664816.0,127.664386111111,34.7573111111111
2021,전라영광군,205933558.0,126.514086111111,35.2741666666666
2022,전라영광군,230552426.0,126.514086111111,35.2741666666666
2023,전라영광군,236846129.0,126.514086111111,35.2741666666666
2021,전라영암군,208939109.0,126.698619444444,34.7969888888888
2022,전라영암군,233906722.0,126.698619444444,34.7969888888888
2023,전라영암군,240582936.0,126.698619444444,34.7969888888888
2021,전라완도군,203473579.0,126.757097222222,34.3078527777777
2022,전라완도군,228192792.0,126.757097222222,34.3078527777777
2023,전라완도군,235050445.0,126.757097222222,34.3078527777777
2021,전라완주군,166157729.0,127.149597222222,35.8429694444444
2022,전라완주군,188886436.0,127.149597222222,35.8429694444444
2023,전라완주군,195956755.0,127.149597222222,35.8429694444444
2021,전라익산시,168940647.0,126.959852777777,35.9452749999999
2022,전라익산시,190576392.0,126.959852777777,35.9452749999999
2023,전라익산시,197722836.0,126.959852777777,35.9452749999999
2021,전라임실군,147853353.0,127.284752777777,35.6080638888888
2022,전라임실군,168226904.0,127.284752777777,35.6080638888888
2023,전라임실군,173903887.0,127.284752777777,35.6080638888888
2021,전라장성군,209365846.0,126.786975,35.2988111111111
2022,전라장성군,234397214.0,126.786975,35.2988111111111
2023,전라장성군,241032018.0,126.786975,35.2988111111111
2021,전라장수군,141821427.0,127.5233,35.6442972222222
2022,전라장수군,161259471.0,127.5233,35.6442972222222
2023,전라장수군,166337563.0,127.5233,35.6442972222222
2021,전라장흥군,201763840.0,126.909108333333,34.678525
2022,전라장흥군,226590048.0,126.909108333333,34.678525
2023,전라장흥군,233255715.0,126.909108333333,34.678525
2021,전라전주시,376139914.0,127.121919444444,35.8091888888888
2022,전라전주시,426929539.0,127.121919444444,35.8091888888888
2023,전라전주시,442949965.0,127.121919444444,35.8091888888888
2021,전라정읍시,154188057.0,126.858111111111,35.5668722222222
2022,전라정읍시,174944792.0,126.858111111111,35.5668722222222
2023,전라정읍시,180133712.0,126.858111111111,35.5668722222222
2021,전라진도군,201881508.0,126.265544444444,34.48375
2022,전라진도군,226817669.0,126.265544444444,34.48375
2023,전라진도군,233421401.0,126.265544444444,34.48375
2021,전라진안군,145010244.0,127.426966666666,35.7887194444444
2022,전라진안군,164527766.0,127.426966666666,35.7887194444444
2023,전라진안군,169787180.0,127.426966666666,35.7887194444444
2021,전라함평군,203726063.0,126.518619444444,35.0627444444444
2022,전라함평군,228424904.0,126.518619444444,35.0627444444444
2023,전라함평군,234744923.0,126.518619444444,35.0627444444444
2021,전라해남군,207531168.0,126.601288888888,34.5704361111111
2022,전라해남군,232485512.0,126.601288888888,34.5704361111111
2023,전라해남군,239547611.0,126.601288888888,34.5704361111111
2021,전라화순군,212933578.0,126.988566666666,35.0614805555555
2022,전라화순군,238136523.0,126.988566666666,35.0614805555555
2023,전라화순군,245390915.0,126.988566666666,35.0614805555555
2021,제주서귀포시,181638829.0,126.512555555555,33.25235
2022,제주서귀포시,212737148.0,126.512555555555,33.25235
2023,제주서귀포시,194871485.0,126.512555555555,33.25235
2021,제주제주시,202975515.0,126.533208333333,33.4963111111111
2022,제주제주시,240087535.0,126.533208333333,33.4963111111111
2023,제주제주시,222147400.0,126.533208333333,33.4963111111111
2021,충청계룡시,249495640.0,127.250930555555,36.2718361111111
2022,충청계룡시,278683493.0,127.250930555555,36.2718361111111
2023,충청계룡시,290708108.0,127.250930555555,36.2718361111111
2021,충청공주시,278936983.0,127.121119444444,36.4436138888888
2022,충청공주시,311709402.0,127.121119444444,36.4436138888888
2023,충청공주시,323738591.0,127.121119444444,36.4436138888888
2021,충청괴산군,175337645.0,127.788830555555,36.8124305555555
2022,충청괴산군,197545294.0,127.788830555555,36.8124305555555
2023,충청괴산군,206775581.0,127.788830555555,36.8124305555555
2021,충청금산군,257253628.0,127.490308333333,36.1058694444444
2022,충청금산군,287263987.0,127.490308333333,36.1058694444444
2023,충청금산군,299655218.0,127.490308333333,36.1058694444444
2021,충청논산시,265923750.0,127.100911111111,36.1842027777777
2022,충청논산시,296499811.0,127.100911111111,36.1842027777777
2023,충청논산시,309401282.0,127.100911111111,36.1842027777777
2021,충청단양군,172829912.0,128.367841666666,36.9817805555555
2022,충청단양군,195704436.0,128.367841666666,36.9817805555555
2023,충청단양군,205376844.0,128.367841666666,36.9817805555555
2021,충청당진시,274039056.0,126.630252777777,36.89075
2022,충청당진시,306332187.0,126.630252777777,36.89075
2023,충청당진시,318979795.0,126.630252777777,36.89075
2021,충청보령시,270746404.0,126.614886111111,36.330575
2022,충청보령시,303776128.0,126.614886111111,36.330575
2023,충청보령시,315339489.0,126.614886111111,36.330575
2021,충청보은군,170072698.0,127.731608333333,36.4865333333333
2022,충청보은군,190976212.0,127.731608333333,36.4865333333333
2023,충청보은군,200945987.0,127.731608333333,36.4865333333333
2021,충청부여군,258821046.0,126.911863888888,36.2728222222222
2022,충청부여군,288296486.0,126.911863888888,36.2728222222222
2023,충청부여군,300484529.0,126.911863888888,36.2728222222222
2021,충청서산시,270251949.0,126.452163888888,36.7820972222222
2022,충청서산시,299470775.0,126.452163888888,36.7820972222222
2023,충청서산시,312640663.0,126.452163888888,36.7820972222222
2021,충청서천군,257011104.0,126.693888888888,36.0774055555555
2022,충청서천군,286812202.0,126.693888888888,36.0774055555555
2023,충청서천군,300152634.0,126.693888888888,36.0774055555555
2021,충청아산시,292213631.0,127.004641666666,36.7871055555555
2022,충청아산시,326722686.0,127.004641666666,36.7871055555555
2023,충청아산시,342780279.0,127.004641666666,36.7871055555555
2021,충청영동군,169649492.0,127.785611111111,36.1720583333333
2022,충청영동군,190845735.0,127.785611111111,36.1720583333333
2023,충청영동군,200098654.0,127.785611111111,36.1720583333333
2021,충청예산군,264182875.0,126.850874999999,36.6798055555555
2022,충청예산군,294712266.0,126.850874999999,36.6798055555555
2023,충청예산군,309169950.0,126.850874999999,36.6798055555555
2021,충청옥천군,174871961.0,127.573633333333,36.3035499999999
2022,충청옥천군,196179707.0,127.573633333333,36.3035499999999
2023,충청옥천군,205428908.0,127.573633333333,36.3035499999999
2021,충청음성군,183923797.0,127.692622222222,36.9374055555555
2022,충청음성군,208744141.0,127.692622222222,36.9374055555555
2023,충청음성군,217781675.0,127.692622222222,36.9374055555555
2021,충청제천시,182969060.0,128.193152777777,37.1297694444444
2022,충청제천시,207089808.0,128.193152777777,37.1297694444444
2023,충청제천시,217198507.0,128.193152777777,37.1297694444444
2021,충청증평군,168329805.0,127.583288888888,36.7821805555555
2022,충청증평군,188891873.0,127.583288888888,36.7821805555555
2023,충청증평군,197972852.0,127.583288888888,36.7821805555555
2021,충청진천군,179623216.0,127.437644444444,36.8525388888888
2022,충청진천군,201078975.0,127.437644444444,36.8525388888888
2023,충청진천군,210043527.0,127.437644444444,36.8525388888888
2021,충청천안시,597445863.0,127.152466666666,36.804125
2022,충청천안시,666197240.0,127.152466666666,36.804125
2023,충청천안시,698301900.0,127.152466666666,36.804125
2021,충청청양군,250131199.0,126.804255555555,36.4562694444444
2022,충청청양군,278781360.0,126.804255555555,36.4562694444444
2023,충청청양군,291584795.0,126.804255555555,36.4562694444444
2021,충청청주시,806569633.0,127.511730555555,36.5839972222222
2022,충청청주시,904089930.0,127.511730555555,36.5839972222222
2023,충청청주시,948849195.0,127.511730555555,36.5839972222222
2021,충청충주시,194962436.0,127.928144444444,36.9881805555555
2022,충청충주시,219187842.0,127.928144444444,36.9881805555555
2023,충청충주시,230407228.0,127.928144444444,36.9881805555555
2021,충청태안군,274305290.0,126.299975,36.7426666666666
2022,충청태안군,305348633.0,126.299975,36.7426666666666
2023,충청태안군,316647061.0,126.299975,36.7426666666666
2021,충청홍성군,260805929.0,126.662908333333,36.5983611111111
2022,충청홍성군,289865001.0,126.662908333333,36.5983611111111
2023,충청홍성군,302993852.0,126.662908333333,36.5983611111111
